"Symbol  ","Series  ","Date  ","Prev Close  ","Open Price  ","High Price  ","Low Price  ","Last Price  ","Close Price  ","Average Price ","Total Traded Quantity  ","Turnover In Rs  ","No. of Trades  ","Deliverable Qty  ","% Dly Qt to Traded Qty  "
"ZYDUSWELL","EQ","12-Dec-2024","2,053.70","2,040.10","2,082.50","2,010.00","2,010.00","2,023.20","2,031.13","27,234","5,53,15,857.85","3,346","18,379","67.49"
"ZYDUSWELL","EQ","13-Dec-2024","2,023.20","2,020.00","2,032.45","1,985.65","2,010.10","2,011.95","2,007.89","20,032","4,02,22,088.50","5,248","6,783","33.86"
"ZYDUSWELL","EQ","16-Dec-2024","2,011.95","2,012.00","2,066.15","2,011.95","2,045.00","2,044.60","2,047.45","24,808","5,07,93,167.50","5,764","10,591","42.69"
"ZYDUSWELL","EQ","17-Dec-2024","2,044.60","2,070.00","2,080.00","1,982.50","1,992.00","1,990.75","2,027.10","1,07,263","21,74,32,686.45","4,008","96,873","90.31"
"ZYDUSWELL","EQ","18-Dec-2024","1,990.75","1,980.60","2,008.50","1,974.85","1,990.00","1,987.30","1,990.36","11,129","2,21,50,726.70","3,118","4,207","37.80"
"ZYDUSWELL","EQ","19-Dec-2024","1,987.30","1,969.20","1,990.35","1,954.10","1,989.95","1,970.70","1,975.11","16,559","3,27,05,819.85","4,580","8,258","49.87"
"ZYDUSWELL","EQ","20-Dec-2024","1,970.70","1,977.00","2,002.80","1,895.00","1,913.70","1,911.35","1,950.17","33,112","6,45,73,943.90","5,827","11,829","35.72"
"ZYDUSWELL","EQ","23-Dec-2024","1,911.35","1,897.45","1,932.00","1,885.05","1,898.00","1,897.40","1,899.73","13,137","2,49,56,731.65","3,495","6,861","52.23"
"ZYDUSWELL","EQ","24-Dec-2024","1,897.40","1,882.00","1,913.00","1,882.00","1,913.00","1,909.70","1,904.52","8,044","1,53,19,959.50","1,364","4,862","60.44"
"ZYDUSWELL","EQ","26-Dec-2024","1,909.70","1,922.15","1,928.95","1,894.35","1,900.00","1,899.65","1,901.96","19,356","3,68,14,316.90","2,401","15,314","79.12"
"ZYDUSWELL","EQ","27-Dec-2024","1,899.65","1,898.10","1,906.70","1,875.00","1,884.85","1,898.55","1,899.82","1,07,911","20,50,11,138.30","3,974","99,927","92.60"
"ZYDUSWELL","EQ","30-Dec-2024","1,898.55","1,887.25","1,906.00","1,862.05","1,896.65","1,896.60","1,895.84","21,102","4,00,05,977.85","4,790","12,927","61.26"
"ZYDUSWELL","EQ","31-Dec-2024","1,896.60","1,896.60","1,991.90","1,883.70","1,950.00","1,971.25","1,950.41","35,795","6,98,14,850.15","7,893","18,494","51.67"
"ZYDUSWELL","EQ","01-Jan-2025","1,971.25","1,980.00","2,005.50","1,965.00","1,972.05","1,976.05","1,988.56","23,139","4,60,13,355.50","4,718","3,941","17.03"
"ZYDUSWELL","EQ","02-Jan-2025","1,976.05","1,980.00","2,025.00","1,965.00","1,995.00","2,007.60","1,990.07","15,730","3,13,03,745.90","4,514","7,713","49.03"
"ZYDUSWELL","EQ","03-Jan-2025","2,007.60","1,995.00","2,020.95","1,971.00","1,980.00","1,981.65","1,992.98","12,130","2,41,74,900.55","2,377","7,176","59.16"
"ZYDUSWELL","EQ","06-Jan-2025","1,981.65","1,985.00","1,985.00","1,915.20","1,950.00","1,950.40","1,946.67","18,916","3,68,23,172.15","4,945","9,173","48.49"
"ZYDUSWELL","EQ","07-Jan-2025","1,950.40","1,950.00","1,977.30","1,933.85","1,973.00","1,971.10","1,956.07","8,337","1,63,07,720.70","3,369","2,637","31.63"
"ZYDUSWELL","EQ","08-Jan-2025","1,971.10","1,953.20","1,972.45","1,932.40","1,950.00","1,949.50","1,950.02","6,767","1,31,95,781.20","1,809","2,934","43.36"
"ZYDUSWELL","EQ","09-Jan-2025","1,949.50","1,959.80","1,965.00","1,937.15","1,957.00","1,952.05","1,951.42","7,581","1,47,93,687.90","2,414","3,750","49.47"
"ZYDUSWELL","EQ","10-Jan-2025","1,952.05","1,962.30","1,962.30","1,880.00","1,910.00","1,899.80","1,920.34","11,837","2,27,31,117.05","3,356","5,599","47.30"
"ZYDUSWELL","EQ","13-Jan-2025","1,899.80","1,883.90","1,900.80","1,837.20","1,854.00","1,855.80","1,864.96","11,189","2,08,67,048.80","3,652","5,339","47.72"
"ZYDUSWELL","EQ","14-Jan-2025","1,855.80","1,855.80","1,915.00","1,846.65","1,880.00","1,867.80","1,864.91","7,716","1,43,89,617.85","2,159","3,686","47.77"
"ZYDUSWELL","EQ","15-Jan-2025","1,867.80","1,869.75","1,931.85","1,854.80","1,912.00","1,897.55","1,900.52","10,783","2,04,93,299.30","3,102","4,969","46.08"
"ZYDUSWELL","EQ","16-Jan-2025","1,897.55","1,907.50","1,930.00","1,897.65","1,920.00","1,922.15","1,916.41","4,082","78,22,770.40","1,517","1,955","47.89"
"ZYDUSWELL","EQ","17-Jan-2025","1,922.15","1,922.15","1,922.15","1,867.15","1,880.00","1,876.10","1,886.91","7,266","1,37,10,322.35","1,802","3,976","54.72"
"ZYDUSWELL","EQ","20-Jan-2025","1,876.10","1,888.45","1,888.50","1,849.95","1,882.50","1,880.05","1,865.93","8,726","1,62,82,075.80","2,112","4,799","55.00"
"ZYDUSWELL","EQ","21-Jan-2025","1,880.05","1,900.00","1,917.20","1,850.00","1,885.00","1,862.25","1,869.83","13,034","2,43,71,373.05","2,864","6,268","48.09"
"ZYDUSWELL","EQ","22-Jan-2025","1,862.25","1,858.35","1,865.10","1,788.25","1,802.00","1,803.85","1,828.80","1,78,044","32,56,05,979.55","9,783","1,18,589","66.61"
"ZYDUSWELL","EQ","23-Jan-2025","1,803.85","1,815.00","1,818.00","1,789.20","1,818.00","1,804.00","1,802.10","22,248","4,00,93,219.20","2,249","15,527","69.79"
"ZYDUSWELL","EQ","24-Jan-2025","1,804.00","1,785.20","1,818.60","1,777.10","1,785.00","1,796.25","1,803.52","14,193","2,55,97,295.95","2,856","5,798","40.85"
"ZYDUSWELL","EQ","27-Jan-2025","1,796.25","1,796.25","1,805.70","1,728.00","1,750.00","1,762.00","1,752.03","13,957","2,44,53,140.50","3,802","5,507","39.46"
"ZYDUSWELL","EQ","28-Jan-2025","1,762.00","1,750.10","1,788.25","1,705.05","1,780.00","1,765.30","1,724.50","59,328","10,23,11,410.20","4,303","49,044","82.67"
"ZYDUSWELL","EQ","29-Jan-2025","1,765.30","1,774.60","1,833.00","1,757.20","1,828.20","1,827.00","1,811.71","13,123","2,37,75,089.40","3,164","5,650","43.05"
"ZYDUSWELL","EQ","30-Jan-2025","1,827.00","1,837.00","1,844.95","1,800.30","1,843.75","1,825.65","1,829.64","8,069","1,47,63,341.45","1,866","3,614","44.79"
"ZYDUSWELL","EQ","31-Jan-2025","1,825.65","1,731.05","1,852.85","1,731.05","1,837.80","1,836.35","1,832.09","15,201","2,78,49,654.15","3,677","7,425","48.85"
"ZYDUSWELL","EQ","01-Feb-2025","1,836.35","1,849.00","1,884.00","1,790.95","1,840.10","1,842.05","1,820.19","8,357","1,52,11,297.80","2,598","3,041","36.39"
"ZYDUSWELL","EQ","03-Feb-2025","1,842.05","1,836.00","1,885.00","1,811.00","1,860.00","1,859.20","1,860.04","20,326","3,78,07,107.05","6,174","11,065","54.44"
"ZYDUSWELL","EQ","04-Feb-2025","1,859.20","1,858.25","1,952.65","1,750.20","1,782.00","1,782.60","1,845.91","3,18,925","58,87,07,888.90","41,852","45,284","14.20"
"ZYDUSWELL","EQ","05-Feb-2025","1,782.60","1,809.00","1,832.85","1,757.00","1,797.05","1,798.90","1,797.39","97,061","17,44,56,051.85","10,035","57,915","59.67"
"ZYDUSWELL","EQ","06-Feb-2025","1,798.90","1,820.00","1,821.40","1,776.65","1,785.00","1,786.75","1,788.89","24,884","4,45,14,736.95","5,617","12,807","51.47"
"ZYDUSWELL","EQ","07-Feb-2025","1,786.75","1,786.00","1,799.95","1,770.80","1,785.00","1,790.40","1,787.53","14,194","2,53,72,239.60","2,674","7,121","50.17"
"ZYDUSWELL","EQ","10-Feb-2025","1,790.40","1,800.00","1,802.05","1,776.00","1,784.80","1,784.60","1,784.36","15,089","2,69,24,212.80","2,951","8,714","57.75"
"ZYDUSWELL","EQ","11-Feb-2025","1,784.60","1,725.00","1,774.90","1,725.00","1,740.00","1,757.00","1,750.16","28,848","5,04,88,515.50","3,590","14,603","50.62"
"ZYDUSWELL","EQ","12-Feb-2025","1,757.00","1,765.00","1,765.00","1,689.15","1,697.80","1,700.45","1,705.45","37,926","6,46,80,789.25","6,405","17,877","47.14"
"ZYDUSWELL","EQ","13-Feb-2025","1,700.45","1,700.45","1,709.55","1,677.70","1,700.00","1,698.70","1,697.63","28,112","4,77,23,733.50","4,905","17,428","61.99"
"ZYDUSWELL","EQ","14-Feb-2025","1,698.70","1,700.50","1,706.20","1,651.05","1,675.00","1,682.65","1,672.82","62,838","10,51,16,364.60","8,359","34,739","55.28"
"ZYDUSWELL","EQ","17-Feb-2025","1,682.65","1,645.00","1,695.00","1,634.80","1,695.00","1,679.20","1,664.78","36,703","6,11,02,537.30","8,132","19,120","52.09"
"ZYDUSWELL","EQ","18-Feb-2025","1,679.20","1,688.00","1,689.25","1,628.05","1,634.70","1,634.40","1,649.29","11,884","1,96,00,123.45","3,406","6,825","57.43"
"ZYDUSWELL","EQ","19-Feb-2025","1,634.40","1,642.40","1,674.95","1,628.40","1,655.00","1,666.60","1,656.22","1,31,894","21,84,45,053.95","8,067","1,13,756","86.25"
"ZYDUSWELL","EQ","20-Feb-2025","1,666.60","1,666.60","1,666.60","1,643.30","1,650.00","1,651.40","1,651.73","20,185","3,33,40,149.90","6,970","12,197","60.43"
"ZYDUSWELL","EQ","21-Feb-2025","1,651.40","1,660.10","1,676.40","1,643.80","1,658.95","1,662.85","1,659.88","9,642","1,60,04,548.10","2,869","4,701","48.76"
"ZYDUSWELL","EQ","24-Feb-2025","1,662.85","1,645.00","1,659.00","1,610.55","1,625.00","1,618.90","1,623.34","16,325","2,65,01,091.20","3,092","7,166","43.90"
"ZYDUSWELL","EQ","25-Feb-2025","1,618.90","1,629.85","1,654.95","1,607.15","1,633.35","1,631.30","1,630.70","14,317","2,33,46,796.55","3,619","5,373","37.53"
"ZYDUSWELL","EQ","27-Feb-2025","1,631.30","1,632.00","1,641.95","1,571.25","1,595.30","1,588.85","1,594.37","21,189","3,37,83,095.35","3,343","10,238","48.32"
"ZYDUSWELL","EQ","28-Feb-2025","1,588.85","1,584.10","1,595.00","1,548.20","1,550.00","1,561.30","1,562.09","29,110","4,54,72,500.70","5,390","18,919","64.99"
"ZYDUSWELL","EQ","03-Mar-2025","1,561.30","1,561.30","1,569.50","1,501.20","1,527.60","1,542.10","1,521.48","27,393","4,16,77,897.75","7,266","11,808","43.11"
"ZYDUSWELL","EQ","04-Mar-2025","1,542.10","1,521.15","1,550.90","1,493.20","1,550.90","1,535.40","1,525.26","44,677","6,81,44,218.60","10,017","27,380","61.28"
"ZYDUSWELL","EQ","05-Mar-2025","1,535.40","1,543.50","1,584.50","1,525.70","1,556.50","1,574.85","1,556.17","23,557","3,66,58,736.15","8,437","12,023","51.04"
"ZYDUSWELL","EQ","06-Mar-2025","1,574.85","1,585.30","1,640.10","1,570.15","1,622.90","1,632.65","1,615.56","1,43,030","23,10,73,648.05","10,952","1,18,334","82.73"
"ZYDUSWELL","EQ","07-Mar-2025","1,632.65","1,630.00","1,640.00","1,590.00","1,601.00","1,607.25","1,612.23","96,434","15,54,74,185.90","7,484","75,122","77.90"
"ZYDUSWELL","EQ","10-Mar-2025","1,607.25","1,617.95","1,644.95","1,590.25","1,590.25","1,614.60","1,615.87","33,725","5,44,95,167.70","7,596","14,346","42.54"
"ZYDUSWELL","EQ","11-Mar-2025","1,614.60","1,594.00","1,616.00","1,579.25","1,615.00","1,612.85","1,599.17","28,370","4,53,68,346.65","5,096","15,257","53.78"
"ZYDUSWELL","EQ","12-Mar-2025","1,612.85","1,621.30","1,626.90","1,595.00","1,614.00","1,608.70","1,614.39","1,15,785","18,69,22,486.50","3,484","1,08,122","93.38"
"ZYDUSWELL","EQ","13-Mar-2025","1,608.70","1,600.05","1,615.60","1,584.10","1,600.00","1,591.00","1,598.46","18,522","2,96,06,724.90","4,507","9,512","51.36"
"ZYDUSWELL","EQ","17-Mar-2025","1,591.00","1,600.00","1,622.00","1,555.25","1,595.00","1,609.20","1,594.00","45,633","7,27,39,156.95","7,557","21,940","48.08"
"ZYDUSWELL","EQ","18-Mar-2025","1,609.20","1,598.00","1,655.35","1,596.35","1,632.20","1,641.65","1,634.62","28,327","4,63,04,009.05","5,965","14,289","50.44"
"ZYDUSWELL","EQ","19-Mar-2025","1,641.65","1,624.95","1,667.15","1,624.95","1,655.00","1,650.45","1,654.54","71,909","11,89,76,209.05","3,686","63,038","87.66"
"ZYDUSWELL","EQ","20-Mar-2025","1,650.45","1,661.55","1,676.95","1,645.35","1,665.00","1,668.80","1,661.26","16,485","2,73,85,924.80","3,574","9,468","57.43"
"ZYDUSWELL","EQ","21-Mar-2025","1,668.80","1,668.80","1,672.95","1,649.60","1,660.00","1,667.60","1,665.29","23,153","3,85,56,533.75","4,950","12,874","55.60"
"ZYDUSWELL","EQ","24-Mar-2025","1,667.60","1,675.00","1,688.75","1,651.00","1,675.00","1,680.15","1,668.96","33,812","5,64,30,977.80","5,833","18,403","54.43"
"ZYDUSWELL","EQ","25-Mar-2025","1,680.15","1,689.00","1,691.35","1,650.00","1,661.00","1,668.60","1,672.56","36,149","6,04,61,501.90","7,974","18,589","51.42"
"ZYDUSWELL","EQ","26-Mar-2025","1,668.60","1,674.85","1,674.85","1,612.50","1,619.00","1,618.05","1,635.16","19,633","3,21,03,168.50","4,345","10,719","54.60"
"ZYDUSWELL","EQ","27-Mar-2025","1,618.05","1,618.00","1,705.00","1,603.30","1,686.10","1,690.60","1,665.10","49,753","8,28,43,778.05","7,247","30,788","61.88"
"ZYDUSWELL","EQ","28-Mar-2025","1,690.60","1,676.00","1,729.00","1,666.00","1,666.00","1,680.50","1,696.95","27,725","4,70,47,926.05","5,897","12,443","44.88"
"ZYDUSWELL","EQ","01-Apr-2025","1,680.50","1,680.50","1,701.95","1,650.00","1,682.60","1,678.30","1,685.34","11,376","1,91,72,373.60","2,608","4,629","40.69"
"ZYDUSWELL","EQ","02-Apr-2025","1,678.30","1,670.00","1,710.10","1,660.00","1,706.00","1,706.85","1,692.93","13,108","2,21,90,874.85","2,623","6,343","48.39"
"ZYDUSWELL","EQ","03-Apr-2025","1,706.85","1,706.00","1,737.00","1,690.45","1,700.00","1,698.35","1,712.13","18,964","3,24,68,829.60","4,039","6,330","33.38"
"ZYDUSWELL","EQ","04-Apr-2025","1,698.35","1,700.00","1,735.00","1,665.90","1,691.15","1,697.20","1,686.68","12,994","2,19,16,664.10","3,561","5,208","40.08"
"ZYDUSWELL","EQ","07-Apr-2025","1,697.20","1,697.15","1,726.45","1,634.10","1,665.00","1,682.00","1,680.33","55,459","9,31,89,603.50","11,789","16,534","29.81"
"ZYDUSWELL","EQ","08-Apr-2025","1,682.00","1,691.85","1,752.95","1,684.05","1,745.95","1,737.55","1,729.84","32,611","5,64,11,679.70","8,118","18,443","56.55"
"ZYDUSWELL","EQ","09-Apr-2025","1,737.55","1,735.00","1,749.95","1,708.45","1,738.00","1,727.75","1,734.03","58,543","10,15,15,278.60","7,639","21,775","37.19"
"ZYDUSWELL","EQ","11-Apr-2025","1,727.75","1,744.90","1,781.00","1,740.00","1,750.00","1,748.10","1,755.81","41,149","7,22,49,857.45","7,121","22,614","54.96"
"ZYDUSWELL","EQ","15-Apr-2025","1,748.10","1,748.10","1,782.40","1,731.00","1,738.40","1,749.10","1,749.06","42,400","7,41,59,960.50","9,453","22,636","53.39"
"ZYDUSWELL","EQ","16-Apr-2025","1,749.10","1,752.70","1,783.90","1,749.20","1,765.00","1,765.40","1,767.13","19,619","3,46,69,341.50","3,015","12,393","63.17"
"ZYDUSWELL","EQ","17-Apr-2025","1,765.40","1,761.00","1,797.90","1,751.80","1,760.00","1,762.70","1,773.60","23,527","4,17,27,467.20","4,899","11,232","47.74"
"ZYDUSWELL","EQ","21-Apr-2025","1,762.70","1,762.80","1,772.00","1,737.10","1,749.00","1,744.60","1,752.58","23,160","4,05,89,640.20","3,438","14,246","61.51"
"ZYDUSWELL","EQ","22-Apr-2025","1,744.60","1,728.70","1,797.20","1,724.40","1,789.00","1,775.10","1,774.93","23,623","4,19,29,266.30","5,758","11,120","47.07"
"ZYDUSWELL","EQ","23-Apr-2025","1,775.10","1,776.00","1,797.90","1,752.00","1,764.00","1,764.60","1,775.83","9,375","1,66,48,424.80","2,966","3,874","41.32"
"ZYDUSWELL","EQ","24-Apr-2025","1,764.60","1,764.10","1,830.00","1,760.10","1,797.00","1,805.80","1,803.53","31,720","5,72,08,004.60","7,808","11,476","36.18"
"ZYDUSWELL","EQ","25-Apr-2025","1,805.80","1,802.30","1,810.30","1,748.10","1,751.00","1,765.60","1,766.89","18,996","3,35,63,816.40","4,601","7,591","39.96"
"ZYDUSWELL","EQ","28-Apr-2025","1,765.60","1,765.10","1,778.00","1,737.10","1,762.90","1,761.60","1,763.62","9,754","1,72,02,382.70","2,741","4,122","42.26"
"ZYDUSWELL","EQ","29-Apr-2025","1,761.60","1,752.00","1,815.10","1,751.00","1,795.10","1,802.40","1,801.91","74,391","13,40,46,080.80","11,253","54,265","72.95"
"ZYDUSWELL","EQ","30-Apr-2025","1,802.40","1,802.40","1,839.00","1,759.00","1,759.00","1,765.20","1,785.07","22,144","3,95,28,631.70","4,584","11,465","51.77"
"ZYDUSWELL","EQ","02-May-2025","1,765.20","1,749.20","1,778.50","1,722.10","1,729.00","1,733.70","1,742.05","13,367","2,32,86,046.90","3,530","6,266","46.88"
"ZYDUSWELL","EQ","05-May-2025","1,733.70","1,740.00","1,741.10","1,704.80","1,720.00","1,723.10","1,723.15","13,317","2,29,47,250.80","3,747","6,168","46.32"
"ZYDUSWELL","EQ","06-May-2025","1,723.10","1,715.10","1,727.90","1,684.00","1,689.20","1,694.70","1,705.64","12,430","2,12,01,075.70","3,112","7,095","57.08"
"ZYDUSWELL","EQ","07-May-2025","1,694.70","1,655.00","1,719.90","1,655.00","1,693.00","1,691.50","1,678.85","17,599","2,95,46,163.00","5,329","9,098","51.70"
"ZYDUSWELL","EQ","08-May-2025","1,691.50","1,693.90","1,722.60","1,684.30","1,718.00","1,714.60","1,713.59","15,507","2,65,72,699.30","2,431","8,776","56.59"
"ZYDUSWELL","EQ","09-May-2025","1,714.60","1,675.00","1,731.60","1,672.30","1,720.50","1,723.80","1,705.61","9,144","1,55,96,065.30","3,150","4,106","44.90"
"ZYDUSWELL","EQ","12-May-2025","1,723.80","1,760.00","1,840.00","1,703.70","1,798.50","1,807.20","1,787.44","42,571","7,60,93,033.60","6,674","16,296","38.28"
"ZYDUSWELL","EQ","13-May-2025","1,807.20","1,824.00","1,824.00","1,776.10","1,810.00","1,806.50","1,800.88","10,509","1,89,25,417.20","2,170","5,306","50.49"
"ZYDUSWELL","EQ","14-May-2025","1,806.50","1,809.00","1,838.70","1,794.70","1,810.70","1,800.60","1,813.28","31,350","5,68,46,189.80","3,257","20,279","64.69"
"ZYDUSWELL","EQ","15-May-2025","1,800.60","1,810.10","1,836.00","1,793.40","1,800.00","1,800.90","1,807.09","26,053","4,70,80,082.20","3,949","14,425","55.37"
"ZYDUSWELL","EQ","16-May-2025","1,800.90","1,802.10","1,850.00","1,792.70","1,826.00","1,827.30","1,827.12","19,428","3,54,97,228.80","2,816","11,763","60.55"
"ZYDUSWELL","EQ","19-May-2025","1,827.30","1,855.00","1,893.90","1,818.00","1,836.00","1,832.60","1,849.00","3,05,473","56,48,20,593.90","22,036","87,579","28.67"
"ZYDUSWELL","EQ","20-May-2025","1,832.60","1,895.00","1,970.00","1,850.00","1,914.00","1,920.90","1,915.65","3,55,750","68,14,93,734.50","32,504","1,30,565","36.70"
"ZYDUSWELL","EQ","21-May-2025","1,920.90","1,937.50","2,018.00","1,919.00","1,968.00","1,969.80","1,977.39","2,25,578","44,60,55,426.10","22,203","1,04,234","46.21"
"ZYDUSWELL","EQ","22-May-2025","1,969.80","1,961.00","1,985.60","1,946.30","1,965.00","1,964.20","1,965.65","42,277","8,31,01,838.60","6,100","18,872","44.64"
"ZYDUSWELL","EQ","23-May-2025","1,964.20","1,978.00","1,982.00","1,946.00","1,946.00","1,952.90","1,960.17","25,358","4,97,06,009.10","4,564","13,533","53.37"
"ZYDUSWELL","EQ","26-May-2025","1,952.90","1,966.50","1,979.70","1,953.40","1,969.80","1,968.30","1,966.35","27,576","5,42,24,055.80","3,952","13,579","49.24"
"ZYDUSWELL","EQ","27-May-2025","1,968.30","1,980.00","1,981.60","1,945.20","1,955.80","1,958.30","1,960.65","16,139","3,16,42,903.80","3,972","8,981","55.65"
"ZYDUSWELL","EQ","28-May-2025","1,958.30","1,955.00","1,969.00","1,940.00","1,944.90","1,943.90","1,951.27","13,877","2,70,77,747.80","2,480","7,506","54.09"
"ZYDUSWELL","EQ","29-May-2025","1,943.90","1,943.90","1,969.00","1,941.70","1,950.00","1,950.30","1,954.59","22,539","4,40,54,526.10","4,486","11,468","50.88"
"ZYDUSWELL","EQ","30-May-2025","1,950.30","1,940.20","1,958.70","1,930.00","1,950.00","1,949.40","1,945.49","30,704","5,97,34,467.60","3,826","19,219","62.59"
"ZYDUSWELL","EQ","02-Jun-2025","1,949.40","1,940.10","1,990.30","1,940.10","1,951.20","1,952.40","1,966.08","45,948","9,03,37,382.60","7,198","16,507","35.93"
"ZYDUSWELL","EQ","03-Jun-2025","1,952.40","1,952.60","1,983.90","1,933.00","1,950.00","1,949.70","1,959.35","2,03,643","39,90,08,519.90","13,459","1,60,199","78.67"
"ZYDUSWELL","EQ","04-Jun-2025","1,949.70","1,950.00","1,965.40","1,894.00","1,899.00","1,900.10","1,915.31","1,43,636","27,51,08,024.90","6,551","1,20,854","84.14"
"ZYDUSWELL","EQ","05-Jun-2025","1,900.10","1,913.50","1,917.10","1,885.00","1,885.00","1,889.60","1,895.76","20,491","3,88,46,052.70","4,241","10,350","50.51"
"ZYDUSWELL","EQ","06-Jun-2025","1,889.60","1,920.00","1,954.10","1,896.10","1,948.00","1,946.60","1,906.39","2,40,952","45,93,47,374.20","11,369","2,05,013","85.08"
"ZYDUSWELL","EQ","09-Jun-2025","1,946.60","1,958.00","1,987.00","1,929.00","1,929.00","1,941.70","1,963.36","45,819","8,99,59,068.20","8,157","20,551","44.85"
"ZYDUSWELL","EQ","10-Jun-2025","1,941.70","1,940.00","1,958.40","1,925.00","1,940.00","1,942.20","1,941.32","21,004","4,07,75,511.20","4,527","11,609","55.27"
"ZYDUSWELL","EQ","11-Jun-2025","1,942.20","1,950.00","1,991.00","1,932.30","1,969.90","1,969.20","1,966.25","45,722","8,99,00,750.80","7,446","21,314","46.62"
"ZYDUSWELL","EQ","12-Jun-2025","1,969.20","1,979.20","1,985.00","1,928.00","1,964.00","1,937.40","1,954.09","21,333","4,16,86,522.70","4,212","8,490","39.80"
"ZYDUSWELL","EQ","13-Jun-2025","1,937.40","1,922.00","1,931.30","1,902.60","1,917.00","1,912.60","1,917.54","20,667","3,96,29,785.20","3,942","10,194","49.33"
"ZYDUSWELL","EQ","16-Jun-2025","1,912.60","1,925.00","1,930.60","1,891.00","1,912.10","1,913.40","1,904.91","13,410","2,55,44,868.70","3,102","5,817","43.38"
"ZYDUSWELL","BL","17-Jun-2025","2,201.40","1,900.00","1,900.00","1,900.00","1,900.00","1,900.00","1,900.00","46,27,111","8,79,15,10,900.00","1","-","-"
"ZYDUSWELL","EQ","17-Jun-2025","1,913.40","1,983.90","1,984.00","1,916.10","1,935.60","1,948.10","1,942.52","76,130","14,78,83,669.50","10,089","28,380","37.28"
"ZYDUSWELL","EQ","18-Jun-2025","1,948.10","2,000.00","2,155.90","1,960.00","2,040.10","2,054.30","2,070.77","13,87,180","2,87,25,24,810.60","1,09,500","1,51,175","10.90"
"ZYDUSWELL","EQ","19-Jun-2025","2,054.30","2,051.10","2,130.00","2,034.00","2,060.00","2,065.70","2,082.47","2,41,241","50,23,76,001.70","26,196","47,722","19.78"
"ZYDUSWELL","EQ","20-Jun-2025","2,065.70","2,085.90","2,099.00","1,986.80","2,001.00","2,002.30","2,026.39","2,85,533","57,86,00,472.80","30,263","1,51,337","53.00"
"ZYDUSWELL","EQ","23-Jun-2025","2,002.30","2,000.00","2,050.00","1,992.00","2,036.00","2,041.20","2,022.23","64,966","13,13,76,362.80","9,347","24,058","37.03"
"ZYDUSWELL","EQ","24-Jun-2025","2,041.20","2,041.90","2,048.10","1,982.00","2,000.80","1,994.80","2,008.25","88,579","17,78,88,696.10","11,834","43,776","49.42"
"ZYDUSWELL","EQ","25-Jun-2025","1,994.80","2,000.80","2,040.00","1,991.10","2,028.00","2,034.40","2,024.89","56,296","11,39,93,379.50","6,560","26,263","46.65"
"ZYDUSWELL","EQ","26-Jun-2025","2,034.40","2,055.00","2,057.90","2,012.40","2,035.00","2,023.90","2,032.13","40,699","8,27,05,835.10","4,871","18,552","45.58"
"ZYDUSWELL","EQ","27-Jun-2025","2,023.90","2,029.80","2,069.00","2,020.00","2,028.50","2,033.50","2,043.79","71,162","14,54,39,921.00","7,480","21,611","30.37"
"ZYDUSWELL","EQ","30-Jun-2025","2,033.50","2,028.10","2,054.90","2,009.30","2,020.10","2,023.20","2,028.17","45,908","9,31,09,058.80","7,560","25,155","54.79"
"ZYDUSWELL","EQ","01-Jul-2025","2,023.20","2,037.00","2,052.40","2,008.00","2,018.30","2,017.10","2,025.31","36,734","7,43,97,911.80","5,822","17,092","46.53"
"ZYDUSWELL","EQ","02-Jul-2025","2,017.10","2,017.10","2,024.90","1,985.90","2,000.00","1,998.50","2,000.76","42,090","8,42,11,886.40","6,583","21,854","51.92"
"ZYDUSWELL","EQ","03-Jul-2025","1,998.50","2,008.90","2,009.00","1,971.60","1,980.00","1,979.70","1,989.26","31,858","6,33,73,869.80","5,147","16,455","51.65"
"ZYDUSWELL","EQ","04-Jul-2025","1,979.70","1,979.70","2,014.90","1,979.70","1,995.00","1,995.20","1,998.57","34,324","6,85,98,926.90","6,883","16,318","47.54"
"ZYDUSWELL","EQ","07-Jul-2025","1,995.20","2,005.70","2,009.00","1,979.90","1,980.00","1,985.90","1,991.74","32,582","6,48,94,907.50","4,022","15,227","46.73"
"ZYDUSWELL","EQ","08-Jul-2025","1,985.90","1,986.10","2,006.00","1,970.00","1,980.00","1,979.00","1,980.54","23,836","4,72,08,263.00","5,083","12,288","51.55"
"ZYDUSWELL","EQ","09-Jul-2025","1,979.00","1,989.30","2,049.00","1,976.70","2,048.00","2,038.20","2,012.15","76,901","15,47,36,518.40","8,462","44,836","58.30"
"ZYDUSWELL","EQ","10-Jul-2025","2,038.20","2,050.00","2,058.00","2,004.00","2,007.00","2,013.60","2,022.48","30,669","6,20,27,386.60","5,694","15,693","51.17"
"ZYDUSWELL","EQ","11-Jul-2025","2,013.60","2,019.00","2,054.10","2,012.00","2,019.10","2,019.10","2,030.59","44,407","9,01,72,192.40","7,465","19,370","43.62"
"ZYDUSWELL","EQ","14-Jul-2025","2,019.10","2,029.50","2,043.80","1,982.40","2,013.00","2,011.40","2,014.43","79,639","16,04,26,940.10","20,399","43,483","54.60"
"ZYDUSWELL","EQ","15-Jul-2025","2,011.40","2,018.00","2,050.70","2,011.40","2,042.80","2,021.80","2,027.17","31,737","6,43,36,298.70","6,128","19,131","60.28"
"ZYDUSWELL","EQ","16-Jul-2025","2,021.80","2,025.00","2,035.00","2,000.50","2,009.00","2,004.70","2,013.86","60,768","12,23,78,453.10","11,049","47,448","78.08"
"ZYDUSWELL","EQ","17-Jul-2025","2,004.70","2,009.90","2,116.00","2,006.90","2,095.40","2,102.10","2,074.49","89,016","18,46,63,027.00","12,459","42,062","47.25"
"ZYDUSWELL","EQ","18-Jul-2025","2,102.10","2,106.30","2,119.00","2,080.20","2,096.40","2,094.00","2,098.27","81,082","17,01,32,153.00","12,649","47,909","59.09"
"ZYDUSWELL","EQ","21-Jul-2025","2,094.00","2,100.10","2,114.30","2,077.60","2,092.00","2,093.40","2,094.33","79,415","16,63,20,961.20","8,505","40,133","50.54"
"ZYDUSWELL","EQ","22-Jul-2025","2,093.40","2,104.40","2,106.80","2,050.00","2,054.00","2,054.20","2,078.78","48,794","10,14,31,812.80","7,620","25,882","53.04"
"ZYDUSWELL","EQ","23-Jul-2025","2,054.20","2,065.00","2,096.60","2,040.00","2,082.50","2,088.70","2,084.40","53,440","11,13,90,263.90","8,283","34,141","63.89"
"ZYDUSWELL","EQ","24-Jul-2025","2,088.70","2,088.70","2,156.00","2,088.70","2,138.00","2,138.10","2,133.82","1,12,706","24,04,94,372.10","15,657","59,579","52.86"
"ZYDUSWELL","EQ","25-Jul-2025","2,138.10","2,149.40","2,157.40","2,092.90","2,093.40","2,102.60","2,113.73","44,772","9,46,35,788.20","8,027","21,340","47.66"
"ZYDUSWELL","EQ","28-Jul-2025","2,102.60","2,102.60","2,149.00","2,018.10","2,029.10","2,031.80","2,060.85","31,085","6,40,61,459.80","6,793","15,148","48.73"
"ZYDUSWELL","EQ","29-Jul-2025","2,031.80","2,018.00","2,042.50","2,002.00","2,010.00","2,012.50","2,015.34","24,306","4,89,84,763.50","5,840","12,732","52.38"
"ZYDUSWELL","EQ","30-Jul-2025","2,012.50","2,023.10","2,079.90","1,940.00","2,039.00","2,054.70","2,014.36","2,30,531","46,43,71,922.80","28,156","31,072","13.48"
"ZYDUSWELL","EQ","31-Jul-2025","2,054.70","2,025.00","2,045.00","1,979.70","2,022.20","2,029.10","2,026.17","30,082","6,09,51,288.70","5,362","13,858","46.07"
"ZYDUSWELL","EQ","01-Aug-2025","2,029.10","2,025.00","2,111.20","2,008.50","2,065.00","2,063.80","2,069.42","79,603","16,47,32,175.90","12,718","41,949","52.70"
"ZYDUSWELL","EQ","04-Aug-2025","2,063.80","2,080.00","2,080.00","2,022.00","2,051.00","2,056.70","2,059.51","31,531","6,49,38,390.70","7,342","18,459","58.54"
"ZYDUSWELL","EQ","05-Aug-2025","2,056.70","2,056.70","2,056.70","1,976.70","1,981.00","1,982.90","1,999.81","39,404","7,88,00,630.70","8,368","19,829","50.32"
"ZYDUSWELL","EQ","06-Aug-2025","1,982.90","1,994.50","2,009.40","1,950.00","1,962.00","1,958.40","1,970.07","37,207","7,33,00,473.30","7,357","20,770","55.82"
"ZYDUSWELL","EQ","07-Aug-2025","1,958.40","1,940.70","1,958.00","1,925.00","1,931.70","1,931.70","1,935.76","25,160","4,87,03,653.60","5,025","11,743","46.67"
"ZYDUSWELL","EQ","08-Aug-2025","1,931.70","1,931.70","1,969.60","1,917.70","1,944.10","1,936.50","1,942.55","23,344","4,53,46,934.00","5,263","9,320","39.92"
"ZYDUSWELL","EQ","11-Aug-2025","1,936.50","1,949.90","1,955.20","1,919.00","1,945.00","1,941.50","1,938.48","26,663","5,16,85,794.00","5,074","16,566","62.13"
"ZYDUSWELL","EQ","12-Aug-2025","1,941.50","1,941.60","1,961.60","1,927.00","1,930.00","1,941.40","1,947.24","17,797","3,46,55,115.10","3,689","8,224","46.21"
"ZYDUSWELL","EQ","13-Aug-2025","1,941.40","1,933.00","1,975.00","1,930.60","1,942.00","1,948.70","1,957.29","27,186","5,32,10,781.20","5,263","15,541","57.17"
"ZYDUSWELL","EQ","14-Aug-2025","1,948.70","1,946.00","1,971.40","1,924.90","1,927.00","1,929.80","1,943.87","32,567","6,33,06,052.40","5,159","19,220","59.02"
"ZYDUSWELL","EQ","18-Aug-2025","1,929.80","1,945.00","2,014.90","1,945.00","2,010.00","2,009.70","1,992.03","36,441","7,25,91,652.30","5,892","19,397","53.23"
"ZYDUSWELL","EQ","19-Aug-2025","2,009.70","2,030.00","2,049.00","1,979.00","2,015.00","2,018.40","2,020.37","74,900","15,13,25,761.90","10,446","30,648","40.92"
"ZYDUSWELL","EQ","20-Aug-2025","2,018.40","2,029.00","2,029.00","1,976.60","1,990.00","1,992.00","1,993.12","58,295","11,61,88,652.80","6,383","41,056","70.43"
"ZYDUSWELL","EQ","21-Aug-2025","1,992.00","2,005.00","2,020.80","1,985.00","2,005.00","2,002.80","2,001.39","51,240","10,25,51,177.70","4,630","38,113","74.38"
"ZYDUSWELL","EQ","22-Aug-2025","2,002.80","2,000.00","2,006.90","1,968.10","2,000.00","1,998.30","1,991.15","33,684","6,70,69,792.50","4,222","20,165","59.87"
"ZYDUSWELL","EQ","25-Aug-2025","1,998.30","2,000.00","2,015.80","1,972.00","1,981.50","1,983.80","1,983.83","29,481","5,84,85,199.20","6,239","18,995","64.43"
"ZYDUSWELL","EQ","26-Aug-2025","1,983.80","1,965.00","2,035.00","1,952.50","2,028.00","2,012.60","1,993.62","47,034","9,37,67,788.80","8,947","20,770","44.16"
"ZYDUSWELL","EQ","28-Aug-2025","2,012.60","2,026.30","2,041.20","1,992.90","2,027.00","2,031.00","2,026.39","34,530","6,99,71,313.30","7,268","16,168","46.82"
"ZYDUSWELL","EQ","29-Aug-2025","2,031.00","2,040.00","2,045.00","2,005.00","2,008.40","2,018.70","2,020.07","28,546","5,76,64,992.90","5,832","18,769","65.75"
"ZYDUSWELL","EQ","01-Sep-2025","2,018.70","2,070.00","2,249.70","2,065.00","2,234.00","2,217.80","2,169.25","12,67,867","2,75,03,21,796.90","98,909","1,98,985","15.69"
"ZYDUSWELL","EQ","02-Sep-2025","2,217.80","2,237.60","2,286.00","2,221.30","2,240.20","2,253.50","2,253.32","2,15,386","48,53,33,812.00","20,562","64,371","29.89"
"ZYDUSWELL","EQ","03-Sep-2025","2,253.50","2,253.50","2,350.00","2,216.40","2,329.40","2,328.40","2,295.79","2,56,237","58,82,66,618.20","33,426","76,531","29.87"
"ZYDUSWELL","EQ","04-Sep-2025","2,328.40","2,340.70","2,454.00","2,310.50","2,439.00","2,423.80","2,397.39","3,56,414","85,44,64,323.20","46,465","1,16,491","32.68"
"ZYDUSWELL","EQ","05-Sep-2025","2,423.80","2,430.00","2,517.00","2,402.00","2,426.00","2,426.90","2,455.30","2,80,227","68,80,42,397.40","39,960","89,407","31.91"
"ZYDUSWELL","EQ","08-Sep-2025","2,426.90","2,429.00","2,478.30","2,376.10","2,411.00","2,400.10","2,443.79","1,95,464","47,76,73,328.70","24,330","94,036","48.11"
"ZYDUSWELL","EQ","09-Sep-2025","2,400.10","2,412.70","2,476.00","2,392.60","2,475.00","2,473.00","2,454.78","99,978","24,54,23,539.10","13,549","43,400","43.41"
"ZYDUSWELL","EQ","10-Sep-2025","2,473.00","2,470.00","2,495.90","2,421.90","2,488.00","2,486.90","2,461.98","96,046","23,64,63,582.80","12,293","48,002","49.98"
"ZYDUSWELL","EQ","11-Sep-2025","2,486.90","2,485.10","2,566.00","2,437.60","2,545.00","2,551.90","2,510.71","1,68,538","42,31,50,453.40","23,218","63,839","37.88"
"ZYDUSWELL","EQ","12-Sep-2025","2,551.90","2,535.00","2,623.00","2,510.10","2,546.00","2,537.00","2,576.51","1,63,854","42,21,71,104.90","24,586","63,132","38.53"
"ZYDUSWELL","EQ","15-Sep-2025","2,537.00","2,549.90","2,617.00","2,516.10","2,541.00","2,545.70","2,564.93","1,29,158","33,12,81,265.20","19,944","44,853","34.73"
"ZYDUSWELL","EQ","16-Sep-2025","2,545.70","2,550.00","2,625.00","2,542.40","2,603.50","2,621.30","2,603.61","1,36,698","35,59,08,618.60","16,494","59,030","43.18"
"ZYDUSWELL","EQ","17-Sep-2025","2,621.30","2,622.50","2,625.00","2,565.20","2,572.60","2,578.20","2,600.88","79,686","20,72,53,336.30","10,211","46,231","58.02"
"ZYDUSWELL","EQ","18-Sep-2025","2,578.20","521.90","529.70","515.50","516.00","520.90","521.74","3,75,515","19,59,22,432.00","16,114","1,66,460","44.33"
"ZYDUSWELL","EQ","19-Sep-2025","520.90","515.90","530.90","497.80","522.90","515.90","516.74","13,91,566","71,90,77,871.20","40,215","7,27,204","52.26"
"ZYDUSWELL","EQ","22-Sep-2025","515.90","517.00","517.00","491.90","496.30","497.60","500.81","5,20,890","26,08,68,584.20","25,965","2,34,552","45.03"
"ZYDUSWELL","EQ","23-Sep-2025","497.60","496.30","501.30","471.20","473.40","473.80","483.36","4,28,510","20,71,26,399.60","21,683","1,91,404","44.67"
"ZYDUSWELL","EQ","24-Sep-2025","473.80","473.40","489.00","462.00","486.10","485.70","476.12","4,58,218","21,81,66,843.40","25,056","1,92,748","42.06"
"ZYDUSWELL","EQ","25-Sep-2025","485.70","486.90","487.20","470.60","474.00","474.20","477.79","1,65,971","7,93,00,059.50","9,650","68,704","41.40"
"ZYDUSWELL","EQ","26-Sep-2025","474.20","474.00","485.00","465.50","482.90","482.30","477.16","3,72,367","17,76,78,963.20","18,756","1,91,825","51.52"
"ZYDUSWELL","EQ","29-Sep-2025","482.30","482.80","498.50","470.10","478.00","486.50","482.20","3,64,292","17,56,62,672.50","19,047","1,52,877","41.97"
"ZYDUSWELL","EQ","30-Sep-2025","486.50","483.90","483.90","453.30","460.00","457.20","462.97","4,59,667","21,28,11,775.10","25,825","2,06,749","44.98"
"ZYDUSWELL","EQ","01-Oct-2025","457.20","458.35","469.40","457.80","460.30","459.85","462.63","1,75,196","8,10,51,385.70","9,666","44,157","25.20"
"ZYDUSWELL","EQ","03-Oct-2025","459.85","459.85","466.90","455.20","462.15","464.45","460.24","1,20,454","5,54,37,926.60","8,112","60,917","50.57"
"ZYDUSWELL","EQ","06-Oct-2025","464.45","454.00","462.15","450.00","454.00","452.30","455.08","2,04,451","9,30,41,893.40","10,819","92,352","45.17"
"ZYDUSWELL","EQ","07-Oct-2025","452.30","455.00","457.80","448.85","449.20","450.30","452.85","1,39,697","6,32,61,311.80","7,477","53,241","38.11"
"ZYDUSWELL","EQ","08-Oct-2025","450.30","448.40","461.90","445.55","459.00","459.00","455.16","2,41,259","10,98,11,622.70","13,294","98,215","40.71"
"ZYDUSWELL","EQ","09-Oct-2025","459.00","462.50","464.60","450.80","453.00","453.50","454.28","1,61,068","7,31,70,248.30","8,404","75,015","46.57"
"ZYDUSWELL","EQ","10-Oct-2025","453.50","456.70","463.50","449.25","454.90","456.00","456.15","2,05,575","9,37,73,906.00","11,622","89,157","43.37"
"ZYDUSWELL","EQ","13-Oct-2025","456.00","456.90","468.95","454.60","456.00","456.05","460.56","3,58,510","16,51,16,837.30","18,515","1,89,738","52.92"
"ZYDUSWELL","EQ","14-Oct-2025","456.05","458.40","461.80","444.25","447.50","447.95","451.31","2,23,159","10,07,14,501.95","10,733","1,19,436","53.52"
"ZYDUSWELL","EQ","15-Oct-2025","447.95","451.00","465.75","444.90","463.15","464.40","457.06","2,55,692","11,68,66,154.50","13,882","1,23,589","48.34"
"ZYDUSWELL","EQ","16-Oct-2025","464.40","470.00","479.70","461.30","469.35","470.20","473.26","4,80,331","22,73,22,801.80","25,415","2,04,025","42.48"
"ZYDUSWELL","EQ","17-Oct-2025","470.20","472.20","474.40","458.40","460.35","460.90","465.81","2,13,813","9,95,97,183.95","14,079","1,07,747","50.39"
"ZYDUSWELL","EQ","20-Oct-2025","460.90","464.20","494.00","460.30","470.00","469.30","477.94","7,38,491","35,29,55,686.90","35,874","2,96,159","40.10"
"ZYDUSWELL","EQ","21-Oct-2025","469.30","473.55","494.00","472.50","489.00","488.70","486.48","1,62,862","7,92,29,233.10","9,710","64,644","39.69"
"ZYDUSWELL","EQ","23-Oct-2025","488.70","491.00","502.35","480.15","490.00","491.00","494.67","8,39,943","41,54,98,124.05","41,326","4,00,596","47.69"
"ZYDUSWELL","EQ","24-Oct-2025","491.00","493.20","493.60","475.70","485.40","484.90","484.35","2,85,864","13,84,57,074.65","17,936","1,10,614","38.69"
"ZYDUSWELL","EQ","27-Oct-2025","484.90","484.90","491.40","481.00","489.00","489.45","487.17","1,83,809","8,95,45,476.40","10,599","86,997","47.33"
"ZYDUSWELL","EQ","28-Oct-2025","489.45","491.70","497.90","484.35","496.90","493.90","490.04","2,33,288","11,43,21,235.45","13,182","1,03,347","44.30"
"ZYDUSWELL","EQ","29-Oct-2025","493.90","496.90","498.00","487.10","494.00","493.45","491.85","1,85,371","9,11,74,782.45","11,129","78,728","42.47"
"ZYDUSWELL","EQ","30-Oct-2025","493.45","495.55","495.55","485.60","487.00","487.80","490.17","1,60,925","7,88,80,162.50","10,274","66,684","41.44"
"ZYDUSWELL","EQ","31-Oct-2025","487.80","492.70","492.70","474.00","478.00","476.60","482.16","1,56,540","7,54,77,819.55","8,725","77,846","49.73"
"ZYDUSWELL","EQ","03-Nov-2025","476.60","475.00","492.15","475.00","479.00","479.80","482.94","1,97,683","9,54,68,617.45","13,136","96,408","48.77"
"ZYDUSWELL","EQ","04-Nov-2025","479.80","478.00","481.10","456.95","462.85","463.00","465.31","2,13,260","9,92,31,937.35","15,805","1,01,190","47.45"
"ZYDUSWELL","EQ","06-Nov-2025","463.00","456.15","458.35","437.15","441.50","443.80","446.90","4,32,504","19,32,83,917.35","28,159","1,65,102","38.17"
"ZYDUSWELL","EQ","07-Nov-2025","443.80","445.00","452.50","436.75","451.40","450.35","443.94","1,76,149","7,82,00,299.15","16,446","66,882","37.97"
"ZYDUSWELL","EQ","10-Nov-2025","450.35","452.40","462.50","446.70","462.00","461.60","454.97","1,78,841","8,13,66,828.35","12,253","70,970","39.68"
"ZYDUSWELL","EQ","11-Nov-2025","461.60","461.55","462.95","452.00","455.10","458.55","457.64","89,848","4,11,18,380.70","7,370","40,331","44.89"
"ZYDUSWELL","EQ","12-Nov-2025","458.55","459.80","464.05","453.15","460.00","460.95","459.17","1,87,422","8,60,58,588.00","18,959","73,726","39.34"
"ZYDUSWELL","EQ","13-Nov-2025","460.95","460.00","466.00","455.80","456.00","457.35","461.91","1,35,002","6,23,58,479.55","9,982","49,188","36.44"
"ZYDUSWELL","EQ","14-Nov-2025","457.35","459.00","460.00","452.60","456.00","454.35","455.04","1,14,995","5,23,27,421.00","7,839","57,973","50.41"
"ZYDUSWELL","EQ","17-Nov-2025","454.35","456.60","457.65","446.00","456.50","456.10","451.22","1,98,008","8,93,44,740.60","12,428","1,06,396","53.73"
"ZYDUSWELL","EQ","18-Nov-2025","456.10","456.10","458.20","446.10","454.90","452.00","451.14","1,07,935","4,86,94,031.95","7,620","50,025","46.35"
"ZYDUSWELL","EQ","19-Nov-2025","452.00","452.45","458.65","448.15","455.15","455.70","454.01","1,17,168","5,31,95,143.05","7,577","57,936","49.45"
"ZYDUSWELL","EQ","20-Nov-2025","455.70","457.05","458.00","451.50","455.65","456.15","454.84","1,92,598","8,76,00,892.85","11,673","1,24,465","64.62"
"ZYDUSWELL","EQ","21-Nov-2025","456.15","458.75","458.80","438.75","440.95","441.20","446.16","1,38,638","6,18,54,139.70","8,392","81,540","58.82"
"ZYDUSWELL","EQ","24-Nov-2025","441.20","444.00","453.00","434.00","451.80","448.55","443.89","1,59,578","7,08,34,505.35","11,244","91,183","57.14"
"ZYDUSWELL","EQ","25-Nov-2025","448.55","445.00","446.05","432.40","443.00","441.70","438.25","1,55,936","6,83,39,249.90","10,718","62,260","39.93"
"ZYDUSWELL","EQ","26-Nov-2025","441.70","440.00","444.70","434.40","436.50","436.40","437.89","1,09,663","4,80,20,872.45","13,137","54,805","49.98"
"ZYDUSWELL","EQ","27-Nov-2025","436.40","439.00","439.35","432.00","432.80","433.40","434.82","78,696","3,42,18,678.25","5,636","38,326","48.70"
"ZYDUSWELL","EQ","28-Nov-2025","433.40","436.00","436.05","427.05","431.00","430.45","431.40","95,655","4,12,65,622.75","8,646","40,854","42.71"
"ZYDUSWELL","EQ","01-Dec-2025","430.45","434.60","434.60","424.20","432.00","431.80","429.61","1,81,213","7,78,50,823.70","11,749","84,493","46.63"
"ZYDUSWELL","EQ","02-Dec-2025","431.80","430.00","432.80","424.20","426.80","425.55","428.25","84,541","3,62,04,570.10","5,906","42,026","49.71"
"ZYDUSWELL","EQ","03-Dec-2025","425.55","426.20","426.55","414.15","421.40","419.70","418.35","1,85,355","7,75,42,448.95","10,448","98,014","52.88"
"ZYDUSWELL","EQ","04-Dec-2025","419.70","419.00","422.60","414.00","415.70","416.10","418.86","1,06,626","4,46,61,428.15","6,161","52,934","49.64"
"ZYDUSWELL","EQ","05-Dec-2025","416.10","416.10","416.55","408.00","410.00","409.80","411.20","1,28,999","5,30,44,667.05","9,867","65,259","50.59"
"ZYDUSWELL","EQ","08-Dec-2025","409.80","409.80","414.90","404.00","411.85","412.40","410.24","2,29,564","9,41,75,238.85","12,698","1,32,475","57.71"
"ZYDUSWELL","EQ","09-Dec-2025","412.40","411.05","426.50","406.35","426.50","423.85","417.27","1,18,670","4,95,16,869.25","6,682","66,796","56.29"
"ZYDUSWELL","EQ","10-Dec-2025","423.85","425.90","432.25","421.60","426.00","424.70","426.49","1,27,658","5,44,45,044.85","11,246","61,669","48.31"
"ZYDUSWELL","EQ","11-Dec-2025","424.70","423.85","429.30","416.30","425.00","424.75","423.14","78,716","3,33,07,858.20","7,191","34,549","43.89"